PG.ProteinGroups	PG.ProteinAccessions	PG.Genes	PG.ProteinDescriptions	PG.ProteinNames	PG.Pvalue	PG.Qvalue	PG.Cscore	PG.MolecularWeight	[1] 331_2022_GBR-Cell-34C-A.raw.PG.IsSingleHit	[2] 331_2022_GBR-Cell-34C-B.raw.PG.IsSingleHit	[3] 331_2022_GBR-Cell-34C-C.raw.PG.IsSingleHit	[4] 331_2022_GBR-Cell-37C-A.raw.PG.IsSingleHit	[5] 331_2022_GBR-Cell-37C-B.raw.PG.IsSingleHit	[6] 331_2022_GBR-Cell-37C-C.raw.PG.IsSingleHit	[7] 331_2022_GBR-Cell-40C-A.raw.PG.IsSingleHit	[8] 331_2022_GBR-Cell-40C-B.raw.PG.IsSingleHit	[9] 331_2022_GBR-Cell-40C-C.raw.PG.IsSingleHit	[10] 331_2022_GBR-SN-34C-A.raw.PG.IsSingleHit	[11] 331_2022_GBR-SN-34C-B.raw.PG.IsSingleHit	[12] 331_2022_GBR-SN-34C-C.raw.PG.IsSingleHit	[13] 331_2022_GBR-SN-37C-A.raw.PG.IsSingleHit	[14] 331_2022_GBR-SN-37C-B.raw.PG.IsSingleHit	[15] 331_2022_GBR-SN-37C-C.raw.PG.IsSingleHit	[16] 331_2022_GBR-SN-40C-A.raw.PG.IsSingleHit	[17] 331_2022_GBR-SN-40C-B.raw.PG.IsSingleHit	[18] 331_2022_GBR-SN-40C-C.raw.PG.IsSingleHit	[1] 331_2022_GBR-Cell-34C-A.raw.PG.NrOfStrippedSequencesUsedForQuantification	[2] 331_2022_GBR-Cell-34C-B.raw.PG.NrOfStrippedSequencesUsedForQuantification	[3] 331_2022_GBR-Cell-34C-C.raw.PG.NrOfStrippedSequencesUsedForQuantification	[4] 331_2022_GBR-Cell-37C-A.raw.PG.NrOfStrippedSequencesUsedForQuantification	[5] 331_2022_GBR-Cell-37C-B.raw.PG.NrOfStrippedSequencesUsedForQuantification	[6] 331_2022_GBR-Cell-37C-C.raw.PG.NrOfStrippedSequencesUsedForQuantification	[7] 331_2022_GBR-Cell-40C-A.raw.PG.NrOfStrippedSequencesUsedForQuantification	[8] 331_2022_GBR-Cell-40C-B.raw.PG.NrOfStrippedSequencesUsedForQuantification	[9] 331_2022_GBR-Cell-40C-C.raw.PG.NrOfStrippedSequencesUsedForQuantification	[10] 331_2022_GBR-SN-34C-A.raw.PG.NrOfStrippedSequencesUsedForQuantification	[11] 331_2022_GBR-SN-34C-B.raw.PG.NrOfStrippedSequencesUsedForQuantification	[12] 331_2022_GBR-SN-34C-C.raw.PG.NrOfStrippedSequencesUsedForQuantification	[13] 331_2022_GBR-SN-37C-A.raw.PG.NrOfStrippedSequencesUsedForQuantification	[14] 331_2022_GBR-SN-37C-B.raw.PG.NrOfStrippedSequencesUsedForQuantification	[15] 331_2022_GBR-SN-37C-C.raw.PG.NrOfStrippedSequencesUsedForQuantification	[16] 331_2022_GBR-SN-40C-A.raw.PG.NrOfStrippedSequencesUsedForQuantification	[17] 331_2022_GBR-SN-40C-B.raw.PG.NrOfStrippedSequencesUsedForQuantification	[18] 331_2022_GBR-SN-40C-C.raw.PG.NrOfStrippedSequencesUsedForQuantification	[1] 331_2022_GBR-Cell-34C-A.raw.PG.Quantity	[2] 331_2022_GBR-Cell-34C-B.raw.PG.Quantity	[3] 331_2022_GBR-Cell-34C-C.raw.PG.Quantity	[4] 331_2022_GBR-Cell-37C-A.raw.PG.Quantity	[5] 331_2022_GBR-Cell-37C-B.raw.PG.Quantity	[6] 331_2022_GBR-Cell-37C-C.raw.PG.Quantity	[7] 331_2022_GBR-Cell-40C-A.raw.PG.Quantity	[8] 331_2022_GBR-Cell-40C-B.raw.PG.Quantity	[9] 331_2022_GBR-Cell-40C-C.raw.PG.Quantity	[10] 331_2022_GBR-SN-34C-A.raw.PG.Quantity	[11] 331_2022_GBR-SN-34C-B.raw.PG.Quantity	[12] 331_2022_GBR-SN-34C-C.raw.PG.Quantity	[13] 331_2022_GBR-SN-37C-A.raw.PG.Quantity	[14] 331_2022_GBR-SN-37C-B.raw.PG.Quantity	[15] 331_2022_GBR-SN-37C-C.raw.PG.Quantity	[16] 331_2022_GBR-SN-40C-A.raw.PG.Quantity	[17] 331_2022_GBR-SN-40C-B.raw.PG.Quantity	[18] 331_2022_GBR-SN-40C-C.raw.PG.Quantity
Tb05.5K5.100:mRNA-p1;Tb927.5.4450:mRNA-p1	Tb05.5K5.100:mRNA-p1;Tb927.5.4450:mRNA-p1		transcript=Tb05.5K5.100:mRNA | gene=Tb05.5K5.100 | organism=Trypanosoma_brucei_brucei_TREU927 | gene_product=hypothetical protein, conserved | transcript_product=hypothetical protein, conserved | location=5K5_v5.1:17609-18118(-) | protein_length=169 | sequence_SO=contig | SO=protein_coding | is_pseudo=false;transcript=Tb927.5.4450:mRNA | gene=Tb927.5.4450 | organism=Trypanosoma_brucei_brucei_TREU927 | gene_product=hypothetical protein, conserved | transcript_product=hypothetical protein, conserved | location=Tb927_05_v5.1:1372470-1372979(-) | protein_length=169 | sequence_SO=chromosome | SO=protein_coding | is_pseudo=false		2.3215655206872499E-10	1.006968345559423E-13	51.905064	18603.02;18603.02	False	False	False	False	False	False	False	False	False	False	False	False	False	False	False	False	False	Filtered	3	3	3	3	3	3	3	3	3	2	2	2	2	2	2	1	1	Filtered	100761.1484375	102093.578125	111970.7578125	99120.0859375	98929.7109375	104091.296875	92301.046875	85210.15625	93039.2109375	105977.328125	175823.1875	172380.53125	117730.5546875	119413.4453125	99135.140625	129270.6875	86490.8203125	Filtered
Tb05.5K5.110:mRNA-p1;Tb927.5.4460:mRNA-p1	Tb05.5K5.110:mRNA-p1;Tb927.5.4460:mRNA-p1		transcript=Tb05.5K5.110:mRNA | gene=Tb05.5K5.110 | organism=Trypanosoma_brucei_brucei_TREU927 | gene_product=major vault protein, putative | transcript_product=major vault protein, putative | location=5K5_v5.1:18945-21461(-) | protein_length=838 | sequence_SO=contig | SO=protein_coding | is_pseudo=false;transcript=Tb927.5.4460:mRNA | gene=Tb927.5.4460 | organism=Trypanosoma_brucei_brucei_TREU927 | gene_product=major vault protein, putative | transcript_product=major vault protein, putative | location=Tb927_05_v5.1:1373806-1376322(-) | protein_length=838 | sequence_SO=chromosome | SO=protein_coding | is_pseudo=false		2.5761293196099404E-21	7.019425938991663E-24	56.893173	94061.35;94103.43	False	False	False	False	False	False	False	False	False	False	False	False	False	False	False	False	False	False	3	3	3	3	3	3	3	3	3	3	3	3	3	3	3	3	3	3	527764.3125	500388.4375	550439.875	532226.5	546521.3125	526252.875	518442.21875	549384.5	540686.5	1803379.5	2018498.25	2165891	1756412.75	1795155.625	1982255.25	1549031.375	1549369.25	1828279
Tb05.5K5.120:mRNA-p1;Tb927.5.4470:mRNA-p1	Tb05.5K5.120:mRNA-p1;Tb927.5.4470:mRNA-p1		transcript=Tb05.5K5.120:mRNA | gene=Tb05.5K5.120 | organism=Trypanosoma_brucei_brucei_TREU927 | gene_product=hypothetical protein, conserved | transcript_product=hypothetical protein, conserved | location=5K5_v5.1:22806-25343(-) | protein_length=845 | sequence_SO=contig | SO=protein_coding | is_pseudo=false;transcript=Tb927.5.4470:mRNA | gene=Tb927.5.4470 | organism=Trypanosoma_brucei_brucei_TREU927 | gene_product=hypothetical protein, conserved | transcript_product=hypothetical protein, conserved | location=Tb927_05_v5.1:1377671-1380208(-) | protein_length=845 | sequence_SO=chromosome | SO=protein_coding | is_pseudo=false		1.1106163461945657E-15	6.991604319764342E-19	54.654957	95765.04;95765.04	False	False	False	False	False	False	False	False	False	Filtered	Filtered	False	False	False	Filtered	Filtered	Filtered	Filtered	3	3	3	3	3	3	3	3	3	Filtered	Filtered	1	1	1	Filtered	Filtered	Filtered	Filtered	944657.1875	960022.125	869661	1005103.1875	1223561	260486.875	461302.8125	325681.28125	258715.015625	Filtered	Filtered	230601.203125	1692870.25	1343.4593505859375	Filtered	Filtered	Filtered	Filtered
Tb05.5K5.130:mRNA-p1;Tb927.5.4480:mRNA-p1	Tb05.5K5.130:mRNA-p1;Tb927.5.4480:mRNA-p1		transcript=Tb05.5K5.130:mRNA | gene=Tb05.5K5.130 | organism=Trypanosoma_brucei_brucei_TREU927 | gene_product=paraflagellar rod component par4, putative | transcript_product=paraflagellar rod component par4, putative | location=5K5_v5.1:25819-27558(-) | protein_length=579 | sequence_SO=contig | SO=protein_coding | is_pseudo=false;transcript=Tb927.5.4480:mRNA | gene=Tb927.5.4480 | organism=Trypanosoma_brucei_brucei_TREU927 | gene_product=paraflagellar rod component par4, putative | transcript_product=paraflagellar rod component par4, putative | location=Tb927_05_v5.1:1380689-1382428(-) | protein_length=579 | sequence_SO=chromosome | SO=protein_coding | is_pseudo=false		1.9783495579179107E-19	2.717513129008119E-22	56.194443	68313.98;68313.98	False	False	False	False	False	False	False	False	False	False	False	False	False	False	False	False	False	False	3	3	3	3	3	3	3	3	3	3	3	3	3	3	3	3	3	3	447414.59375	458718.5625	461863.6875	514026.5	490502.46875	490315.96875	543306.5	519208.09375	527695.375	38077.0546875	70483.5	116990.828125	70142.5546875	82265.25	81564.125	112112.515625	130479.8203125	93836.3203125
Tb05.5K5.150:mRNA-p1;Tb927.5.4500:mRNA-p1	Tb05.5K5.150:mRNA-p1;Tb927.5.4500:mRNA-p1		transcript=Tb05.5K5.150:mRNA | gene=Tb05.5K5.150 | organism=Trypanosoma_brucei_brucei_TREU927 | gene_product=small GTP-binding protein, putative | transcript_product=small GTP-binding protein, putative | location=5K5_v5.1:28569-29153(-) | protein_length=194 | sequence_SO=contig | SO=protein_coding | is_pseudo=false;transcript=Tb927.5.4500:mRNA | gene=Tb927.5.4500 | organism=Trypanosoma_brucei_brucei_TREU927 | gene_product=ras-like small GTPase, putative | transcript_product=ras-like small GTPase, putative | location=Tb927_05_v5.1:1383439-1384023(-) | protein_length=194 | sequence_SO=chromosome | SO=protein_coding | is_pseudo=false		4.384476394407767E-17	3.390933019650245E-20	55.258507	21771.26;21771.26	False	False	False	False	False	False	False	False	False	False	False	False	False	False	False	False	False	False	3	3	3	3	3	3	3	3	3	3	3	3	3	3	3	3	3	3	860323.9375	824793.8125	827789.5625	1057513.125	974005.4375	848213.1875	1076789.625	1079963.5	1100251.5	3568417.75	266359.4375	496068.875	1402994.25	904210.75	589144.375	1438730.875	239517.953125	1274326
Tb05.5K5.160:mRNA-p1;Tb927.5.4520:mRNA-p1	Tb05.5K5.160:mRNA-p1;Tb927.5.4520:mRNA-p1		transcript=Tb05.5K5.160:mRNA | gene=Tb05.5K5.160 | organism=Trypanosoma_brucei_brucei_TREU927 | gene_product=hypothetical protein, conserved | transcript_product=hypothetical protein, conserved | location=5K5_v5.1:30086-32866(-) | protein_length=926 | sequence_SO=contig | SO=protein_coding | is_pseudo=false;transcript=Tb927.5.4520:mRNA | gene=Tb927.5.4520 | organism=Trypanosoma_brucei_brucei_TREU927 | gene_product=Kinetochore interacting protein 1 | transcript_product=Kinetochore interacting protein 1 | location=Tb927_05_v5.1:1384956-1387736(-) | protein_length=926 | sequence_SO=chromosome | SO=protein_coding | is_pseudo=false		3.4396895200141135E-16	2.322545253216822E-19	54.878113	108202.16;108202.16	False	False	False	False	False	False	False	False	False	Filtered	False	Filtered	Filtered	False	False	Filtered	Filtered	Filtered	3	3	3	3	3	3	3	3	3	Filtered	1	Filtered	Filtered	1	2	Filtered	Filtered	Filtered	1099337.875	1013509.125	1078856.375	1091807.625	1003079.0625	931731.5625	906958.6875	729956.125	486225.3125	Filtered	593358.4375	Filtered	Filtered	957024.9375	337427.5625	Filtered	Filtered	Filtered
Tb05.5K5.170:mRNA-p1;Tb927.5.4530:mRNA-p1	Tb05.5K5.170:mRNA-p1;Tb927.5.4530:mRNA-p1		transcript=Tb05.5K5.170:mRNA | gene=Tb05.5K5.170 | organism=Trypanosoma_brucei_brucei_TREU927 | gene_product=elongation of very long chain fatty acids protein, putative | transcript_product=elongation of very long chain fatty acids protein, putative | location=5K5_v5.1:33091-33864(-) | protein_length=257 | sequence_SO=contig | SO=protein_coding | is_pseudo=false;transcript=Tb927.5.4530:mRNA | gene=Tb927.5.4530 | organism=Trypanosoma_brucei_brucei_TREU927 | gene_product=Long chain fatty acyl elongase | transcript_product=Long chain fatty acyl elongase | location=Tb927_05_v5.1:1387975-1388733(-) | protein_length=252 | sequence_SO=chromosome | SO=protein_coding | is_pseudo=false		2.2569690483674558E-07	8.88920460168356E-11	49.719254	29576.31;28980.58	True	True	True	True	True	True	True	True	True	Filtered	Filtered	Filtered	Filtered	Filtered	Filtered	Filtered	Filtered	Filtered	1	1	1	1	1	1	1	1	1	Filtered	Filtered	Filtered	Filtered	Filtered	Filtered	Filtered	Filtered	Filtered	257212.84375	239299.375	215299.046875	272198.6875	232217.765625	248801.5625	236659.625	215799.203125	195568.40625	Filtered	Filtered	Filtered	Filtered	Filtered	Filtered	Filtered	Filtered	Filtered
Tb05.5K5.20:mRNA-p1;Tb927.5.4360:mRNA-p1	Tb05.5K5.20:mRNA-p1;Tb927.5.4360:mRNA-p1		transcript=Tb05.5K5.20:mRNA | gene=Tb05.5K5.20 | organism=Trypanosoma_brucei_brucei_TREU927 | gene_product=hypothetical protein, conserved | transcript_product=hypothetical protein, conserved | location=5K5_v5.1:479-1756(-) | protein_length=425 | sequence_SO=contig | SO=protein_coding | is_pseudo=false;transcript=Tb927.5.4360:mRNA | gene=Tb927.5.4360 | organism=Trypanosoma_brucei_brucei_TREU927 | gene_product=hypothetical protein, conserved | transcript_product=hypothetical protein, conserved | location=Tb927_05_v5.1:1355366-1356334(-) | protein_length=322 | sequence_SO=chromosome | SO=protein_coding | is_pseudo=false		3.354077392370532E-07	1.314293649048014E-10	49.563297	48697.02;36427.76	False	False	False	False	False	False	False	False	False	Filtered	Filtered	Filtered	Filtered	Filtered	Filtered	Filtered	Filtered	Filtered	3	3	3	3	3	3	3	3	3	Filtered	Filtered	Filtered	Filtered	Filtered	Filtered	Filtered	Filtered	Filtered	88772.7265625	91180.9921875	89035.2734375	78692.3203125	79062.3671875	73343.71875	71604.5546875	84408.6171875	69540.9609375	Filtered	Filtered	Filtered	Filtered	Filtered	Filtered	Filtered	Filtered	Filtered
Tb05.5K5.200:mRNA-p1;Tb11.v5.0409.1-p1;Tb927.5.4560:mRNA-p1	Tb05.5K5.200:mRNA-p1;Tb11.v5.0409.1-p1;Tb927.5.4560:mRNA-p1		transcript=Tb05.5K5.200:mRNA | gene=Tb05.5K5.200 | organism=Trypanosoma_brucei_brucei_TREU927 | gene_product=guanine deaminase, putative | transcript_product=guanine deaminase, putative | location=5K5_v5.1:55997-57547(+) | protein_length=516 | sequence_SO=contig | SO=protein_coding | is_pseudo=false;transcript=Tb11.v5.0409.1 | gene=Tb11.v5.0409 | organism=Trypanosoma_brucei_brucei_TREU927 | gene_product=guanine deaminase, putative | transcript_product=guanine deaminase, putative | location=Tb927_11_bin_v5.1:1530998-1532548(-) | protein_length=516 | sequence_SO=contig | SO=protein_coding | is_pseudo=false;transcript=Tb927.5.4560:mRNA | gene=Tb927.5.4560 | organism=Trypanosoma_brucei_brucei_TREU927 | gene_product=guanine deaminase, putative | transcript_product=guanine deaminase, putative | location=Tb927_05_v5.1:1410838-1412388(+) | protein_length=516 | sequence_SO=chromosome | SO=protein_coding | is_pseudo=false		6.686835353776368E-16	4.3294498891397656E-19	54.75218	55321.5;55321.5;55321.5	False	False	False	False	False	False	False	False	False	False	False	False	False	False	False	False	False	False	3	3	3	3	3	3	3	3	3	3	3	3	3	3	3	3	3	3	1436923.75	1398852.375	1328027.5	1517197	1335793.75	1327721	1283709.125	1170602	1205656	5222171.5	4800965	5063249	4892382	4149498	4269672.5	4018141.5	3879740.5	4217920
Tb05.5K5.220:mRNA-p1;Tb927.5.4580:mRNA-p1	Tb05.5K5.220:mRNA-p1;Tb927.5.4580:mRNA-p1		transcript=Tb05.5K5.220:mRNA | gene=Tb05.5K5.220 | organism=Trypanosoma_brucei_brucei_TREU927 | gene_product=hypothetical protein | transcript_product=hypothetical protein | location=5K5_v5.1:65890-68346(+) | protein_length=818 | sequence_SO=contig | SO=protein_coding | is_pseudo=false;transcript=Tb927.5.4580:mRNA | gene=Tb927.5.4580 | organism=Trypanosoma_brucei_brucei_TREU927 | gene_product=Flagellum adhesion protein 3 | transcript_product=Flagellum adhesion protein 3 | location=Tb927_05_v5.1:1420734-1423190(+) | protein_length=818 | sequence_SO=chromosome | SO=protein_coding | is_pseudo=false		1.1424794544454286E-17	9.881243603659406E-21	55.499397	88663.99;88634.01	False	False	False	False	False	False	False	False	False	False	False	False	False	False	False	False	False	False	3	3	3	3	3	3	3	3	3	3	3	3	3	3	3	3	3	3	386883.71875	408023.65625	394854.0625	439879	397240.8125	396958.0625	428881.65625	406790.3125	347658.5	605423.1875	508807.40625	513794.1875	623436.375	538693.25	530868.0625	513468.9375	432249.84375	399427.46875
Tb05.5K5.30:mRNA-p1;Tb927.5.4380:mRNA-p1	Tb05.5K5.30:mRNA-p1;Tb927.5.4380:mRNA-p1		transcript=Tb05.5K5.30:mRNA | gene=Tb05.5K5.30 | organism=Trypanosoma_brucei_brucei_TREU927 | gene_product=serine/threonine protein phosphatase, putative | transcript_product=serine/threonine protein phosphatase, putative | location=5K5_v5.1:5482-7392(-) | protein_length=636 | sequence_SO=contig | SO=protein_coding | is_pseudo=false;transcript=Tb927.5.4380:mRNA | gene=Tb927.5.4380 | organism=Trypanosoma_brucei_brucei_TREU927 | gene_product=Kinetoplastid-specific Protein Phosphatase 1 | transcript_product=Kinetoplastid-specific Protein Phosphatase 1 | location=Tb927_05_v5.1:1360358-1362268(-) | protein_length=636 | sequence_SO=chromosome | SO=protein_coding | is_pseudo=false		4.354010603217352E-21	1.0710973193646622E-23	56.810913	71370.65;71370.65	False	False	False	False	False	False	False	False	False	False	False	False	False	False	False	False	False	False	3	3	3	3	3	3	3	3	3	3	3	3	3	3	3	3	3	3	375796	377268.625	379369.8125	400462.28125	396557.4375	423367.53125	476821.375	433015.6875	467271.1875	368599.78125	370573.3125	342010.65625	366731.9375	277898.96875	302119.15625	371751.75	331825.75	352338.03125
Tb05.5K5.40:mRNA-p1;Tb927.5.4390:mRNA-p1	Tb05.5K5.40:mRNA-p1;Tb927.5.4390:mRNA-p1		transcript=Tb05.5K5.40:mRNA | gene=Tb05.5K5.40 | organism=Trypanosoma_brucei_brucei_TREU927 | gene_product=hypothetical protein, conserved | transcript_product=hypothetical protein, conserved | location=5K5_v5.1:8556-8963(-) | protein_length=135 | sequence_SO=contig | SO=protein_coding | is_pseudo=false;transcript=Tb927.5.4390:mRNA | gene=Tb927.5.4390 | organism=Trypanosoma_brucei_brucei_TREU927 | gene_product=hypothetical protein, conserved | transcript_product=hypothetical protein, conserved | location=Tb927_05_v5.1:1363428-1363835(-) | protein_length=135 | sequence_SO=chromosome | SO=protein_coding | is_pseudo=false		5.141851513968432E-16	3.3728117507172395E-19	54.802143	15063.32;15063.32	False	False	False	False	False	False	False	False	False	Filtered	Filtered	Filtered	Filtered	Filtered	Filtered	Filtered	Filtered	Filtered	3	3	3	3	3	3	3	3	3	Filtered	Filtered	Filtered	Filtered	Filtered	Filtered	Filtered	Filtered	Filtered	117872	143710.65625	135047.171875	94012.984375	122531.1328125	136644.71875	57154.85546875	90384.2265625	44109.3671875	Filtered	Filtered	Filtered	Filtered	Filtered	Filtered	Filtered	Filtered	Filtered
Tb05.5K5.50:mRNA-p1;Tb927.5.4400:mRNA-p1	Tb05.5K5.50:mRNA-p1;Tb927.5.4400:mRNA-p1		transcript=Tb05.5K5.50:mRNA | gene=Tb05.5K5.50 | organism=Trypanosoma_brucei_brucei_TREU927 | gene_product=hypothetical protein, conserved | transcript_product=hypothetical protein, conserved | location=5K5_v5.1:9419-10717(-) | protein_length=432 | sequence_SO=contig | SO=protein_coding | is_pseudo=false;transcript=Tb927.5.4400:mRNA | gene=Tb927.5.4400 | organism=Trypanosoma_brucei_brucei_TREU927 | gene_product=hypothetical protein, conserved | transcript_product=hypothetical protein, conserved | location=Tb927_05_v5.1:1364291-1365589(-) | protein_length=432 | sequence_SO=chromosome | SO=protein_coding | is_pseudo=false		1.8978454802862025E-21	5.493040463925333E-24	56.940804	47230.11;47230.11	False	False	False	False	False	False	False	False	False	Filtered	Filtered	Filtered	Filtered	Filtered	Filtered	Filtered	Filtered	Filtered	3	3	3	3	3	3	3	3	3	Filtered	Filtered	Filtered	Filtered	Filtered	Filtered	Filtered	Filtered	Filtered	144536.015625	145953.359375	142279.75	180051.40625	149912.21875	141257.421875	151353.203125	139099.296875	148943.125	Filtered	Filtered	Filtered	Filtered	Filtered	Filtered	Filtered	Filtered	Filtered
Tb05.5K5.60:mRNA-p1;Tb927.5.4410:mRNA-p1	Tb05.5K5.60:mRNA-p1;Tb927.5.4410:mRNA-p1		transcript=Tb05.5K5.60:mRNA | gene=Tb05.5K5.60 | organism=Trypanosoma_brucei_brucei_TREU927 | gene_product=hypothetical protein, conserved | transcript_product=hypothetical protein, conserved | location=5K5_v5.1:11056-11712(-) | protein_length=218 | sequence_SO=contig | SO=protein_coding | is_pseudo=false;transcript=Tb927.5.4410:mRNA | gene=Tb927.5.4410 | organism=Trypanosoma_brucei_brucei_TREU927 | gene_product=hypothetical protein, conserved | transcript_product=hypothetical protein, conserved | location=Tb927_05_v5.1:1365928-1366584(-) | protein_length=218 | sequence_SO=chromosome | SO=protein_coding | is_pseudo=false		2.0554019627164226E-18	2.1255449459321845E-21	55.79882	23593.27;23593.27	False	False	False	False	False	False	False	False	False	Filtered	Filtered	Filtered	False	False	False	Filtered	False	False	3	3	3	3	3	3	3	3	3	Filtered	Filtered	Filtered	1	1	1	Filtered	1	1	126470.203125	145675.9375	131927.75	107902.8984375	129990.421875	138317.421875	127714.703125	108233.671875	108611.109375	Filtered	Filtered	Filtered	46822.83984375	87903.2734375	26144.97265625	Filtered	15517.50390625	51820.6953125
Tb05.5K5.70:mRNA-p1;Tb927.5.4420:mRNA-p1	Tb05.5K5.70:mRNA-p1;Tb927.5.4420:mRNA-p1		transcript=Tb05.5K5.70:mRNA | gene=Tb05.5K5.70 | organism=Trypanosoma_brucei_brucei_TREU927 | gene_product=nucleolar RNA helicase II, putative | transcript_product=nucleolar RNA helicase II, putative | location=5K5_v5.1:12216-14114(-) | protein_length=632 | sequence_SO=contig | SO=protein_coding | is_pseudo=false;transcript=Tb927.5.4420:mRNA | gene=Tb927.5.4420 | organism=Trypanosoma_brucei_brucei_TREU927 | gene_product=nucleolar RNA helicase II, putative | transcript_product=nucleolar RNA helicase II, putative | location=Tb927_05_v5.1:1367088-1368986(-) | protein_length=632 | sequence_SO=chromosome | SO=protein_coding | is_pseudo=false		3.676398716259524E-23	2.3268346305440023E-25	57.53925	68786.28;68786.28	False	False	False	False	False	False	False	False	False	False	False	False	False	False	False	False	False	False	3	3	3	3	3	3	3	3	3	3	3	3	3	3	3	3	3	3	2119064.25	2014416	2030011	2127646.25	1779047.25	1877905.25	1905912	1730486	1790609	1033682.125	895993.375	908806.125	877348.75	804430.8125	801749.25	1010027.8125	874789.75	909425.1875
Tb05.5K5.80:mRNA-p1;Tb927.5.4430:mRNA-p1	Tb05.5K5.80:mRNA-p1;Tb927.5.4430:mRNA-p1		transcript=Tb05.5K5.80:mRNA | gene=Tb05.5K5.80 | organism=Trypanosoma_brucei_brucei_TREU927 | gene_product=calcium/calmodulin-dependent protein kinase, putative | transcript_product=calcium/calmodulin-dependent protein kinase, putative | location=5K5_v5.1:15063-16118(-) | protein_length=351 | sequence_SO=contig | SO=protein_coding | is_pseudo=false;transcript=Tb927.5.4430:mRNA | gene=Tb927.5.4430 | organism=Trypanosoma_brucei_brucei_TREU927 | gene_product=calcium/calmodulin-dependent protein kinase, putative | transcript_product=calcium/calmodulin-dependent protein kinase, putative | location=Tb927_05_v5.1:1369940-1370995(-) | protein_length=351 | sequence_SO=chromosome | SO=protein_coding | is_pseudo=false		2.867566982401076E-26	7.965463840002989E-28	58.557327	39290.27;39246.22	False	False	False	False	False	False	False	False	False	Filtered	False	False	Filtered	False	False	False	Filtered	False	3	3	3	3	3	3	3	3	3	Filtered	1	2	Filtered	3	3	1	Filtered	1	101940.359375	83752.734375	99442.640625	88729.0859375	110477.046875	86858.7421875	89280.84375	104132.4296875	80291.765625	Filtered	37052.484375	104885.3125	Filtered	185521.5625	150080.109375	373618.09375	Filtered	38233.1484375
Tb05.5K5.90:mRNA-p1;Tb927.5.4440:mRNA-p1	Tb05.5K5.90:mRNA-p1;Tb927.5.4440:mRNA-p1		transcript=Tb05.5K5.90:mRNA | gene=Tb05.5K5.90 | organism=Trypanosoma_brucei_brucei_TREU927 | gene_product=dynein light chain, putative | transcript_product=dynein light chain, putative | location=5K5_v5.1:16499-16771(-) | protein_length=90 | sequence_SO=contig | SO=protein_coding | is_pseudo=false;transcript=Tb927.5.4440:mRNA | gene=Tb927.5.4440 | organism=Trypanosoma_brucei_brucei_TREU927 | gene_product=dynein light chain, putative | transcript_product=dynein light chain, putative | location=Tb927_05_v5.1:1371363-1371635(-) | protein_length=90 | sequence_SO=chromosome | SO=protein_coding | is_pseudo=false		6.767947665727799E-16	4.377715178349159E-19	54.749878	10546.17;10546.17	False	False	False	False	False	False	False	False	False	Filtered	Filtered	Filtered	False	False	False	Filtered	False	Filtered	3	3	3	3	3	3	3	3	3	Filtered	Filtered	Filtered	1	1	1	Filtered	1	Filtered	137879.78125	129327.1796875	126294.4453125	102738.9375	118517.2421875	122298.59375	125786.6171875	117381.8046875	120391.5390625	Filtered	Filtered	Filtered	63832.65234375	45958.4609375	57456.41796875	Filtered	60345.53515625	Filtered
Tb06.3A7.270:mRNA-p1	Tb06.3A7.270:mRNA-p1		transcript=Tb06.3A7.270:mRNA | gene=Tb06.3A7.270 | organism=Trypanosoma_brucei_brucei_TREU927 | gene_product=hypothetical protein, conserved | transcript_product=hypothetical protein, conserved | location=Tb927_06_v5.1:389986-393393(-) | protein_length=1135 | sequence_SO=chromosome | SO=protein_coding | is_pseudo=false		1.570673684026864E-24	1.7355510320738828E-26	57.997726	123842.97	True	True	True	True	True	True	True	True	True	Filtered	Filtered	Filtered	Filtered	Filtered	Filtered	Filtered	Filtered	Filtered	1	1	1	1	1	1	1	1	1	Filtered	Filtered	Filtered	Filtered	Filtered	Filtered	Filtered	Filtered	Filtered	3194.59619140625	2506.4267578125	2162.8955078125	2180.29150390625	1440.8580322265625	2481.132080078125	2648.41650390625	2055.270751953125	1985.81982421875	Filtered	Filtered	Filtered	Filtered	Filtered	Filtered	Filtered	Filtered	Filtered
Tb06.3A7.960:mRNA-p1	Tb06.3A7.960:mRNA-p1		transcript=Tb06.3A7.960:mRNA | gene=Tb06.3A7.960 | organism=Trypanosoma_brucei_brucei_TREU927 | gene_product=hypothetical protein | transcript_product=hypothetical protein | location=Tb927_06_v5.1:484320-485252(+) | protein_length=310 | sequence_SO=chromosome | SO=protein_coding | is_pseudo=false		1.3126139815230478E-16	9.422928797724679E-20	55.057808	34145.9	False	False	False	False	False	False	False	False	False	False	False	False	False	False	False	False	False	False	3	3	3	3	3	3	3	3	3	3	3	3	3	3	3	3	3	3	236764.734375	250247	239581.234375	206262.59375	225981.375	231218.1875	243500.796875	216278.890625	223991.453125	304944.34375	256828.71875	166557.46875	284960.34375	226669.9375	188929.28125	169568.015625	177924.296875	156905.453125
Tb07.11L3.100:mRNA-p1;Tb927.7.2150:mRNA-p1	Tb07.11L3.100:mRNA-p1;Tb927.7.2150:mRNA-p1		transcript=Tb07.11L3.100:mRNA | gene=Tb07.11L3.100 | organism=Trypanosoma_brucei_brucei_TREU927 | gene_product=SUMO-interacting motif-containing protein | transcript_product=SUMO-interacting motif-containing protein | location=11L3_v3:30224-34018(-) | protein_length=1264 | sequence_SO=contig | SO=protein_coding | is_pseudo=false;transcript=Tb927.7.2150:mRNA | gene=Tb927.7.2150 | organism=Trypanosoma_brucei_brucei_TREU927 | gene_product=SUMO-interacting motif-containing protein | transcript_product=SUMO-interacting motif-containing protein | location=Tb927_07_v5.1:551648-555760(-) | protein_length=1370 | sequence_SO=chromosome | SO=protein_coding | is_pseudo=false		8.899996924402562E-07	3.448942811239125E-10	49.15621	138181.21;150067.46	False	False	False	False	False	False	False	False	False	Filtered	Filtered	Filtered	Filtered	Filtered	Filtered	Filtered	Filtered	Filtered	2	2	2	2	2	2	2	2	2	Filtered	Filtered	Filtered	Filtered	Filtered	Filtered	Filtered	Filtered	Filtered	33644.8125	36346.0703125	33212.015625	35430.48046875	29643.03515625	32075.95703125	30066.390625	26779.0078125	27494.01953125	Filtered	Filtered	Filtered	Filtered	Filtered	Filtered	Filtered	Filtered	Filtered
Tb07.11L3.90:mRNA-p1;Tb927.7.2140:mRNA-p1	Tb07.11L3.90:mRNA-p1;Tb927.7.2140:mRNA-p1		transcript=Tb07.11L3.90:mRNA | gene=Tb07.11L3.90 | organism=Trypanosoma_brucei_brucei_TREU927 | gene_product=zinc finger protein family member, putative | transcript_product=zinc finger protein family member, putative | location=11L3_v3:26793-27923(-) | protein_length=376 | sequence_SO=contig | SO=protein_coding | is_pseudo=false;transcript=Tb927.7.2140:mRNA | gene=Tb927.7.2140 | organism=Trypanosoma_brucei_brucei_TREU927 | gene_product=zinc finger protein family member, putative | transcript_product=zinc finger protein family member, putative | location=Tb927_07_v5.1:548228-549358(-) | protein_length=376 | sequence_SO=chromosome | SO=protein_coding | is_pseudo=false		4.801566762577538E-24	4.3650606932523073E-26	57.837128	40864.54;40864.54	False	False	False	False	False	False	False	False	False	False	False	False	False	False	False	Filtered	Filtered	False	3	3	3	3	3	3	3	3	3	2	1	3	1	3	2	Filtered	Filtered	2	128727.546875	134171.171875	124278.0859375	93772.9296875	113382.390625	122364.65625	103155.390625	104015.5	105694.265625	39506.6875	82479.53125	40342.41015625	73962.125	115412.953125	33105.30078125	Filtered	Filtered	28142.4375
Tb08.27P2.400:pseudogenic_transcript-p1	Tb08.27P2.400:pseudogenic_transcript-p1		transcript=Tb08.27P2.400:pseudogenic_transcript | gene=Tb08.27P2.400 | organism=Trypanosoma_brucei_brucei_TREU927 | gene_product=expression site-associated gene 3 (ESAG3), degenerate | transcript_product=expression site-associated gene 3 (ESAG3), degenerate | location=Tbrucei.chr8.100:70778-71852(-) | protein_length=357 | sequence_SO=contig | SO=protein_coding | is_pseudo=true		1.5631605071440685E-28	1.4210550064946797E-29	59.25273	NaN	True	True	True	True	True	True	True	True	True	Filtered	Filtered	Filtered	Filtered	Filtered	Filtered	Filtered	Filtered	Filtered	1	1	1	1	1	1	1	1	1	Filtered	Filtered	Filtered	Filtered	Filtered	Filtered	Filtered	Filtered	Filtered	10763.2548828125	12422.5576171875	12964.904296875	16583.1015625	13483.96484375	13893.3623046875	20190.728515625	18732.453125	19909.01171875	Filtered	Filtered	Filtered	Filtered	Filtered	Filtered	Filtered	Filtered	Filtered
Tb09.v4.0013:mRNA-p1	Tb09.v4.0013:mRNA-p1		transcript=Tb09.v4.0013:mRNA | gene=Tb09.v4.0013 | organism=Trypanosoma_brucei_brucei_TREU927 | gene_product=retrotransposon hot spot (RHS) protein, putative | transcript_product=retrotransposon hot spot (RHS) protein, putative | location=TP26M21-2a10.p1k:26702-28462(-) | protein_length=586 | sequence_SO=contig | SO=protein_coding | is_pseudo=false		6.12148384841908E-19	7.295835427622943E-22	56.00532	67729.62	False	False	False	False	False	False	False	False	False	Filtered	False	False	False	False	False	False	Filtered	False	2	2	2	2	2	2	2	2	2	Filtered	1	1	1	1	1	1	Filtered	1	135508.65625	167519.078125	155216.3125	154139.75	159643.84375	191067.109375	215084.015625	169859.65625	220432.25	Filtered	2237097.5	993755.0625	2251536.25	1285165.75	559442.6875	4621504.5	Filtered	2357720.75
Tb09.v4.0014:mRNA-p1;Tb09.v4.0110:mRNA-p1;Tb927.9.15850:mRNA-p1	Tb09.v4.0014:mRNA-p1;Tb09.v4.0110:mRNA-p1;Tb927.9.15850:mRNA-p1		transcript=Tb09.v4.0014:mRNA | gene=Tb09.v4.0014 | organism=Trypanosoma_brucei_brucei_TREU927 | gene_product=hypothetical protein | transcript_product=hypothetical protein | location=TP26M21-2a10.p1k:35774-36460(-) | protein_length=228 | sequence_SO=contig | SO=protein_coding | is_pseudo=false;transcript=Tb09.v4.0110:mRNA | gene=Tb09.v4.0110 | organism=Trypanosoma_brucei_brucei_TREU927 | gene_product=hypothetical protein | transcript_product=hypothetical protein | location=tryp_IXb-218d07.p1c:94444-95130(+) | protein_length=228 | sequence_SO=contig | SO=protein_coding | is_pseudo=false;transcript=Tb927.9.15850:mRNA | gene=Tb927.9.15850 | organism=Trypanosoma_brucei_brucei_TREU927 | gene_product=hypothetical protein | transcript_product=hypothetical protein | location=Tb927_09_v5.1:2509466-2510152(-) | protein_length=228 | sequence_SO=chromosome | SO=protein_coding | is_pseudo=false		1.9420896064489483E-18	2.020904897449478E-21	55.808575	25148.07;25149.01;25148.07	False	False	False	False	False	False	False	False	False	False	False	False	False	False	False	False	False	False	3	3	3	3	3	3	3	3	3	1	1	1	1	1	1	1	1	1	1614663.625	1705537	1755678	1901557.5	1688520.625	1558685.5	1675015.75	1702490.625	1783277.125	2471238.5	4111070.75	4791073	2820097.25	5206829.5	5169488.5	4777247	4095486.25	4049964
Tb09.v4.0016:mRNA-p1;Tb11.v5.0463.1-p1	Tb09.v4.0016:mRNA-p1;Tb11.v5.0463.1-p1		transcript=Tb09.v4.0016:mRNA | gene=Tb09.v4.0016 | organism=Trypanosoma_brucei_brucei_TREU927 | gene_product=expression site- associated gene (ESAG) protein, putative | transcript_product=expression site- associated gene (ESAG) protein, putative | location=TP26P4-1a02.q1ka:318-1775(-) | protein_length=485 | sequence_SO=contig | SO=protein_coding | is_pseudo=false;transcript=Tb11.v5.0463.1 | gene=Tb11.v5.0463 | organism=Trypanosoma_brucei_brucei_TREU927 | gene_product=expression site-associated gene (ESAG) protein, putative | transcript_product=expression site-associated gene (ESAG) protein, putative | location=Tb927_11_bin_v5.1:1864146-1865603(-) | protein_length=485 | sequence_SO=contig | SO=protein_coding | is_pseudo=false		3.851434247906735E-11	1.7236223978101296E-14	52.372234	53585.94;53585.94	False	False	False	False	False	False	False	False	False	False	False	False	False	False	False	False	False	False	2	2	2	2	2	2	2	2	2	2	2	2	2	2	2	2	2	2	98561.0703125	95473.3203125	86488.59375	124351.5234375	101415.484375	92095.8125	68862.1953125	76285.21875	84324.046875	367055.09375	244166.84375	154218.921875	412793.75	296815.875	258719.203125	253559.609375	361605.8125	264401.25
Tb09.v4.0017:mRNA-p1	Tb09.v4.0017:mRNA-p1		transcript=Tb09.v4.0017:mRNA | gene=Tb09.v4.0017 | organism=Trypanosoma_brucei_brucei_TREU927 | gene_product=rab1 (small gtp-binding protein rab1, putative) | transcript_product=rab1 (small gtp-binding protein rab1, putative) | location=TP26P4-1a02.q1ka:9308-10138(+) | protein_length=276 | sequence_SO=contig | SO=protein_coding | is_pseudo=false		5.219471000273336E-07	2.036866731813985E-10	49.38314	30751.24	False	False	False	False	False	False	False	False	False	Filtered	Filtered	Filtered	Filtered	Filtered	Filtered	Filtered	Filtered	Filtered	3	3	3	3	3	3	3	3	3	Filtered	Filtered	Filtered	Filtered	Filtered	Filtered	Filtered	Filtered	Filtered	48139.5234375	51446.59765625	46950.4375	58800.15234375	52677.328125	54205.2421875	56974.0546875	56317.92578125	58667.69921875	Filtered	Filtered	Filtered	Filtered	Filtered	Filtered	Filtered	Filtered	Filtered
Tb09.v4.0051:mRNA-p1;Tb927.9.900:mRNA-p1	Tb09.v4.0051:mRNA-p1;Tb927.9.900:mRNA-p1		transcript=Tb09.v4.0051:mRNA | gene=Tb09.v4.0051 | organism=Trypanosoma_brucei_brucei_TREU927 | gene_product=variant surface glycoprotein (VSG), putative | transcript_product=variant surface glycoprotein (VSG), putative | location=TP29O12a-1b01.p1k:21591-23072(+) | protein_length=493 | sequence_SO=contig | SO=protein_coding | is_pseudo=false;transcript=Tb927.9.900:mRNA | gene=Tb927.9.900 | organism=Trypanosoma_brucei_brucei_TREU927 | gene_product=variant surface glycoprotein (VSG), putative | transcript_product=variant surface glycoprotein (VSG), putative | location=Tb927_09_v5.1:234605-236086(+) | protein_length=493 | sequence_SO=chromosome | SO=protein_coding | is_pseudo=false		0.00021330250659566192	7.781922896594744E-08	45.326077	51878.39;51878.39	True	True	True	True	True	True	True	True	True	True	True	True	True	True	True	True	True	True	1	1	1	1	1	1	1	1	1	1	1	1	1	1	1	1	1	1	6189622.5	6422916.5	5748188	8096810.5	6467782	6374299.5	6703055.5	6465136	6801215	28174176	31000900	29497694	35220104	31705190	38199556	38804412	34729956	26277274
Tb09.v4.0057:pseudogenic_transcript-p1;Tb11.v5.0401.1-p1	Tb09.v4.0057:pseudogenic_transcript-p1;Tb11.v5.0401.1-p1		transcript=Tb09.v4.0057:pseudogenic_transcript | gene=Tb09.v4.0057 | organism=Trypanosoma_brucei_brucei_TREU927 | gene_product=variant surface glycoprotein (VSG, pseudogene), putative | transcript_product=variant surface glycoprotein (VSG, pseudogene), putative | location=Tp_ends-40b06.q1k:11838-13445(-) | protein_length=536 | sequence_SO=contig | SO=protein_coding | is_pseudo=true;transcript=Tb11.v5.0401.1 | gene=Tb11.v5.0401 | organism=Trypanosoma_brucei_brucei_TREU927 | gene_product=Variant Surface Glycoprotein, putative | transcript_product=Variant Surface Glycoprotein, putative | location=Tb927_11_bin_v5.1:1448601-1449902(-) | protein_length=433 | sequence_SO=contig | SO=protein_coding | is_pseudo=true		9.884555150868798E-13	4.810002506505498E-16	53.24394	NaN;NaN	True	True	True	True	True	True	True	True	True	Filtered	Filtered	True	Filtered	Filtered	Filtered	Filtered	Filtered	Filtered	1	1	1	1	1	1	1	1	1	Filtered	Filtered	1	Filtered	Filtered	Filtered	Filtered	Filtered	Filtered	8293.8037109375	8053.07861328125	9038.0888671875	7597.83203125	6899.025390625	9088.3193359375	9265	7370.927734375	8573.5634765625	Filtered	Filtered	9884.697265625	Filtered	Filtered	Filtered	Filtered	Filtered	Filtered
Tb09.v4.0067:pseudogenic_transcript-p1	Tb09.v4.0067:pseudogenic_transcript-p1		transcript=Tb09.v4.0067:pseudogenic_transcript | gene=Tb09.v4.0067 | organism=Trypanosoma_brucei_brucei_TREU927 | gene_product=retrotransposon hot spot protein, pseudogene | transcript_product=retrotransposon hot spot protein, pseudogene | location=tryp_IXb-217g08.q1c:5235-6881(-) | protein_length=548 | sequence_SO=contig | SO=protein_coding | is_pseudo=true		1.5968714963035793E-12	7.697621095702961E-16	53.13506	NaN	True	True	True	True	True	True	True	True	True	True	True	True	True	True	True	True	True	True	1	1	1	1	1	1	1	1	1	1	1	1	1	1	1	1	1	1	806772.0625	1014285.6875	873535.5625	1034418.875	754526.4375	803648.9375	797191.625	692830.4375	757293.8125	1413370.125	1361275.875	1211585.125	1028164.5	1118736.625	1048304.5	1039315	973515	1081094
Tb09.v4.0107:mRNA-p1	Tb09.v4.0107:mRNA-p1		transcript=Tb09.v4.0107:mRNA | gene=Tb09.v4.0107 | organism=Trypanosoma_brucei_brucei_TREU927 | gene_product=expression site-associated gene 5 (ESAG5) protein, putative | transcript_product=expression site-associated gene 5 (ESAG5) protein, putative | location=tryp_IXb-218d07.p1c:86960-88417(+) | protein_length=485 | sequence_SO=contig | SO=protein_coding | is_pseudo=false		5.533091862228896E-09	2.2807468517019356E-12	50.99402	53607.07	False	False	False	False	False	False	False	False	False	False	False	False	False	False	False	False	False	False	2	2	2	2	2	2	2	2	2	1	1	1	1	2	1	1	1	1	232171.8125	224366.140625	225386.296875	284640.40625	226921.03125	241261.21875	231557.75	215923.9375	199506.375	1428579.875	959501.3125	530962.6875	1951412	664130.1875	988861.5625	1152617.125	1290223.25	1322170.625
Tb09.v4.0109:mRNA-p1	Tb09.v4.0109:mRNA-p1		transcript=Tb09.v4.0109:mRNA | gene=Tb09.v4.0109 | organism=Trypanosoma_brucei_brucei_TREU927 | gene_product=hypothetical protein | transcript_product=hypothetical protein | location=tryp_IXb-218d07.p1c:92291-92989(+) | protein_length=232 | sequence_SO=contig | SO=protein_coding | is_pseudo=false		1.371918038518896E-13	7.066278848925553E-17	53.677883	24948.47	False	False	False	False	False	False	False	False	False	Filtered	Filtered	Filtered	False	Filtered	False	Filtered	False	False	3	3	3	3	3	3	3	3	3	Filtered	Filtered	Filtered	1	Filtered	1	Filtered	1	2	36187.90234375	41311.9765625	44354.4453125	40259.265625	40473.20703125	48270.46875	54007.96484375	45476.8359375	49597.06640625	Filtered	Filtered	Filtered	26050.533203125	Filtered	5150.69677734375	Filtered	203538.109375	168610.34375
Tb09.v4.0142:mRNA-p1	Tb09.v4.0142:mRNA-p1		transcript=Tb09.v4.0142:mRNA | gene=Tb09.v4.0142 | organism=Trypanosoma_brucei_brucei_TREU927 | gene_product=variant surface glycoprotein | transcript_product=variant surface glycoprotein | location=tryp_IXb-218d07.p1c:199306-200853(-) | protein_length=515 | sequence_SO=contig | SO=protein_coding | is_pseudo=false		1.1024857921660203E-08	4.512835825485143E-12	50.777515	55489.55	True	True	True	True	True	True	True	True	True	Filtered	Filtered	Filtered	Filtered	Filtered	Filtered	Filtered	Filtered	Filtered	1	1	1	1	1	1	1	1	1	Filtered	Filtered	Filtered	Filtered	Filtered	Filtered	Filtered	Filtered	Filtered	13326.5400390625	12818.7099609375	12995.2041015625	13827.0126953125	11915.048828125	10137.5537109375	10210.158203125	9540.3291015625	10517.3203125	Filtered	Filtered	Filtered	Filtered	Filtered	Filtered	Filtered	Filtered	Filtered
Tb09.v4.0150:pseudogenic_transcript-p1	Tb09.v4.0150:pseudogenic_transcript-p1		transcript=Tb09.v4.0150:pseudogenic_transcript | gene=Tb09.v4.0150 | organism=Trypanosoma_brucei_brucei_TREU927 | gene_product=variant surface glycoprotein (VSG, pseudogene), putative | transcript_product=variant surface glycoprotein (VSG, pseudogene), putative | location=tryp_IXb-314f06.q1c:4095-5162(-) | protein_length=355 | sequence_SO=contig | SO=protein_coding | is_pseudo=true		1.439181563122413E-18	1.5458448583484565E-21	55.85999	39842.73	False	False	False	False	False	False	False	False	False	False	False	False	False	False	False	False	False	False	2	2	2	2	2	2	2	2	2	2	2	2	2	2	2	2	2	2	64211.69140625	56955.98046875	57537.9765625	52469.1484375	60756.75390625	71060.890625	76541.9609375	72564.5390625	68622.6640625	427651.75	308455.34375	237012.53125	367469.15625	271237.90625	235395.046875	282901.0625	267457.96875	259642.234375
Tb09.v4.0160:pseudogenic_transcript-p1	Tb09.v4.0160:pseudogenic_transcript-p1		transcript=Tb09.v4.0160:pseudogenic_transcript | gene=Tb09.v4.0160 | organism=Trypanosoma_brucei_brucei_TREU927 | gene_product=expression site-associated gene 3 (ESAG3, pseudogene), putative | transcript_product=expression site-associated gene 3 (ESAG3, pseudogene), putative | location=tryp_IXb-43g07.q1c:11651-12370(-) | protein_length=239 | sequence_SO=contig | SO=protein_coding | is_pseudo=true		1.3186415971557528E-12	6.384127800318338E-16	53.178688	NaN	False	False	False	False	False	False	False	False	False	Filtered	Filtered	Filtered	False	False	Filtered	Filtered	False	Filtered	3	3	3	3	3	3	3	3	3	Filtered	Filtered	Filtered	1	1	Filtered	Filtered	1	Filtered	107767.8046875	64564.05859375	115569.46875	140533.703125	85539.640625	54611.92578125	99746.8046875	74634.0390625	155339.0625	Filtered	Filtered	Filtered	20460.642578125	6334.01806640625	Filtered	Filtered	20744.650390625	Filtered
Tb10.v4.0033:mRNA-p1;Tb927.10.4430:mRNA-p1	Tb10.v4.0033:mRNA-p1;Tb927.10.4430:mRNA-p1		transcript=Tb10.v4.0033:mRNA | gene=Tb10.v4.0033 | organism=Trypanosoma_brucei_brucei_TREU927 | gene_product=pumillo RNA binding protein PUF1 | transcript_product=pumillo RNA binding protein PUF1 | location=TP3F6-6f06.p1k:7434-9152(-) | protein_length=572 | sequence_SO=contig | SO=protein_coding | is_pseudo=false;transcript=Tb927.10.4430:mRNA | gene=Tb927.10.4430 | organism=Trypanosoma_brucei_brucei_TREU927 | gene_product=pumillo RNA binding protein PUF1 | transcript_product=pumillo RNA binding protein PUF1 | location=Tb927_10_v5.1:1141343-1143061(-) | protein_length=572 | sequence_SO=chromosome | SO=protein_coding | is_pseudo=false		8.354984598466104E-21	1.8242324450799354E-23	56.707943	63851.95;63851.95	False	False	False	False	False	False	False	False	False	False	False	False	False	False	False	False	False	False	3	3	3	3	3	3	3	3	3	3	3	3	3	3	3	3	2	3	111055.859375	109429.90625	120445.6953125	119117.9375	114552.0859375	121330.8671875	113232.1484375	104784.671875	110351.375	3220301	47597.16796875	61416.13671875	56183.87109375	49685.10546875	51593.84765625	56786.4296875	33576.78125	47783.90234375
Tb10.v4.0034:mRNA-p1;Tb927.10.4440:mRNA-p1	Tb10.v4.0034:mRNA-p1;Tb927.10.4440:mRNA-p1		transcript=Tb10.v4.0034:mRNA | gene=Tb10.v4.0034 | organism=Trypanosoma_brucei_brucei_TREU927 | gene_product=SAP domain containing protein, putative | transcript_product=SAP domain containing protein, putative | location=TP3F6-6f06.p1k:10004-10867(-) | protein_length=287 | sequence_SO=contig | SO=protein_coding | is_pseudo=false;transcript=Tb927.10.4440:mRNA | gene=Tb927.10.4440 | organism=Trypanosoma_brucei_brucei_TREU927 | gene_product=predicted SAP domain protein | transcript_product=predicted SAP domain protein | location=Tb927_10_v5.1:1143913-1144776(-) | protein_length=287 | sequence_SO=chromosome | SO=protein_coding | is_pseudo=false		2.7399960393699806E-18	2.7537648636884226E-21	55.74922	30902.5;30902.5	False	False	False	False	False	False	False	False	False	Filtered	Filtered	Filtered	Filtered	Filtered	False	False	Filtered	Filtered	3	3	3	3	3	3	3	3	3	Filtered	Filtered	Filtered	Filtered	Filtered	1	1	Filtered	Filtered	73357.421875	78652.9140625	77331.3046875	69406.3203125	69255.9375	80760.046875	62407.78125	61862.0859375	61962.1640625	Filtered	Filtered	Filtered	Filtered	Filtered	18362.265625	57517.0859375	Filtered	Filtered
Tb10.v4.0035:mRNA-p1;Tb927.10.4450:mRNA-p1	Tb10.v4.0035:mRNA-p1;Tb927.10.4450:mRNA-p1		transcript=Tb10.v4.0035:mRNA | gene=Tb10.v4.0035 | organism=Trypanosoma_brucei_brucei_TREU927 | gene_product=stress-inducible protein STI1-like, putative | transcript_product=stress-inducible protein STI1-like, putative | location=TP3F6-6f06.p1k:11338-12111(-) | protein_length=257 | sequence_SO=contig | SO=protein_coding | is_pseudo=false;transcript=Tb927.10.4450:mRNA | gene=Tb927.10.4450 | organism=Trypanosoma_brucei_brucei_TREU927 | gene_product=stress-inducible protein STI1-like, putative | transcript_product=stress-inducible protein STI1-like, putative | location=Tb927_10_v5.1:1145242-1146015(-) | protein_length=257 | sequence_SO=chromosome | SO=protein_coding | is_pseudo=false		5.622588652217697E-20	9.090684967207271E-23	56.40137	28424.99;28424.99	False	False	False	False	False	False	False	False	False	False	False	False	False	False	False	False	False	False	3	3	3	3	3	3	3	3	3	3	3	3	3	3	3	3	3	3	398696.25	397542.03125	392679.8125	449133.6875	390843.8125	436126.40625	492418.6875	482769.53125	472913.625	875848	547851.375	563963.125	635217.125	519261.15625	503377.03125	537074.4375	523872.84375	576347
Tb10.v4.0036:mRNA-p1;Tb927.10.4460:mRNA-p1	Tb10.v4.0036:mRNA-p1;Tb927.10.4460:mRNA-p1		transcript=Tb10.v4.0036:mRNA | gene=Tb10.v4.0036 | organism=Trypanosoma_brucei_brucei_TREU927 | gene_product=leucine carboxyl methyltransferase, putative | transcript_product=leucine carboxyl methyltransferase, putative | location=TP3F6-6f06.p1k:12429-13331(-) | protein_length=300 | sequence_SO=contig | SO=protein_coding | is_pseudo=false;transcript=Tb927.10.4460:mRNA | gene=Tb927.10.4460 | organism=Trypanosoma_brucei_brucei_TREU927 | gene_product=leucine carboxyl methyltransferase, putative | transcript_product=leucine carboxyl methyltransferase, putative | location=Tb927_10_v5.1:1146333-1147235(-) | protein_length=300 | sequence_SO=chromosome | SO=protein_coding | is_pseudo=false		9.641468722877556E-18	8.483474459197145E-21	55.529404	34221.63;34221.63	False	False	False	False	False	False	False	False	False	False	False	False	False	False	False	False	False	False	3	3	3	3	3	3	3	3	3	2	3	3	3	3	3	3	3	3	171052.953125	166084.953125	180904.15625	197052.140625	79507.234375	183821.578125	202014.4375	197094.296875	119619.921875	278311.875	229210.4375	224876.828125	215508.265625	227383.421875	207690.53125	209958.890625	183074.796875	204292.484375
Tb10.v4.0038:mRNA-p1;Tb927.10.4480:mRNA-p1	Tb10.v4.0038:mRNA-p1;Tb927.10.4480:mRNA-p1		transcript=Tb10.v4.0038:mRNA | gene=Tb10.v4.0038 | organism=Trypanosoma_brucei_brucei_TREU927 | gene_product=chrX additional, unordered contigs | transcript_product=chrX additional, unordered contigs | location=TP3F6-6f06.p1k:17194-19035(-) | protein_length=613 | sequence_SO=contig | SO=protein_coding | is_pseudo=false;transcript=Tb927.10.4480:mRNA | gene=Tb927.10.4480 | organism=Trypanosoma_brucei_brucei_TREU927 | gene_product=DNA damage repair protein, putative | transcript_product=DNA damage repair protein, putative | location=Tb927_10_v5.1:1151097-1152938(-) | protein_length=613 | sequence_SO=chromosome | SO=protein_coding | is_pseudo=false		8.712548452352775E-07	3.3769567644778196E-10	49.16548	68118.17;68118.17	True	True	True	True	True	True	True	True	True	Filtered	Filtered	True	Filtered	Filtered	True	Filtered	Filtered	Filtered	1	1	1	1	1	1	1	1	1	Filtered	Filtered	1	Filtered	Filtered	1	Filtered	Filtered	Filtered	18482.498046875	17985.603515625	15305.7919921875	19305.029296875	17539.884765625	16066.029296875	15083.8525390625	14614.3046875	14148.572265625	Filtered	Filtered	2316.529296875	Filtered	Filtered	3504.0546875	Filtered	Filtered	Filtered
Tb10.v4.0039:mRNA-p1;Tb927.10.4490:mRNA-p1	Tb10.v4.0039:mRNA-p1;Tb927.10.4490:mRNA-p1		transcript=Tb10.v4.0039:mRNA | gene=Tb10.v4.0039 | organism=Trypanosoma_brucei_brucei_TREU927 | gene_product=hypothetical protein, conserved | transcript_product=hypothetical protein, conserved | location=TP3F6-6f06.p1k:19395-22367(-) | protein_length=990 | sequence_SO=contig | SO=protein_coding | is_pseudo=false;transcript=Tb927.10.4490:mRNA | gene=Tb927.10.4490 | organism=Trypanosoma_brucei_brucei_TREU927 | gene_product=hypothetical protein, conserved | transcript_product=hypothetical protein, conserved | location=Tb927_10_v5.1:1153298-1156270(-) | protein_length=990 | sequence_SO=chromosome | SO=protein_coding | is_pseudo=false		2.918868874348892E-17	2.3350950994791138E-20	55.33198	115333.91;115320.96	False	False	False	False	False	False	False	False	False	False	Filtered	Filtered	Filtered	Filtered	Filtered	Filtered	Filtered	Filtered	3	3	3	3	3	3	3	3	3	1	Filtered	Filtered	Filtered	Filtered	Filtered	Filtered	Filtered	Filtered	114569.9375	104279.046875	110444.9375	128655.4375	108151.53125	105076.3515625	118634.328125	106911.609375	112004.984375	132937.375	Filtered	Filtered	Filtered	Filtered	Filtered	Filtered	Filtered	Filtered
Tb10.v4.0040:mRNA-p1;Tb927.10.4500:mRNA-p1	Tb10.v4.0040:mRNA-p1;Tb927.10.4500:mRNA-p1		transcript=Tb10.v4.0040:mRNA | gene=Tb10.v4.0040 | organism=Trypanosoma_brucei_brucei_TREU927 | gene_product=mRNA capping methyltransferase, putative | transcript_product=mRNA capping methyltransferase, putative | location=TP3F6-6f06.p1k:22765-23739(-) | protein_length=324 | sequence_SO=contig | SO=protein_coding | is_pseudo=false;transcript=Tb927.10.4500:mRNA | gene=Tb927.10.4500 | organism=Trypanosoma_brucei_brucei_TREU927 | gene_product=cap guanine-N7 methyltransferase | transcript_product=cap guanine-N7 methyltransferase | location=Tb927_10_v5.1:1156669-1157607(-) | protein_length=312 | sequence_SO=chromosome | SO=protein_coding | is_pseudo=false		6.599577517285408E-15	3.830282946770405E-18	54.3054	37007.42;35631.79	False	False	False	False	False	False	False	False	False	False	False	False	False	False	False	False	False	False	3	3	3	3	3	3	3	3	3	1	3	3	1	3	3	1	3	2	1902704.25	1968729.125	1462327.875	912123.375	1876412	965259.8125	635803.0625	518616.4375	390489.34375	78661.96875	94008	118225.7734375	204881.96875	101520.9140625	102183.875	60230.67578125	169168.09375	112969.828125
Tb10.v4.0041:mRNA-p1	Tb10.v4.0041:mRNA-p1		transcript=Tb10.v4.0041:mRNA | gene=Tb10.v4.0041 | organism=Trypanosoma_brucei_brucei_TREU927 | gene_product=PUB domain containing protein, putative | transcript_product=PUB domain containing protein, putative | location=TP3F6-6f06.p1k:24196-25272(-) | protein_length=358 | sequence_SO=contig | SO=protein_coding | is_pseudo=false		1.6432668372891836E-19	2.304722071934339E-22	56.22521	40373.83	False	False	False	False	False	False	False	False	False	False	False	False	False	False	False	False	False	False	3	3	3	3	3	3	3	3	3	3	3	3	3	3	3	3	3	3	248272.46875	248676.28125	242717.484375	234928.21875	217040.421875	223067.09375	206460.890625	192421.296875	193976.8125	397729.625	95259.40625	148332.3125	74362.34375	110883.7578125	86889.296875	101330.0703125	82494.625	85640.9375
Tb10.v4.0043:mRNA-p1;Tb11.v5.1012.1-p1;Tb927.10.4330:mRNA-p1	Tb10.v4.0043:mRNA-p1;Tb11.v5.1012.1-p1;Tb927.10.4330:mRNA-p1		transcript=Tb10.v4.0043:mRNA | gene=Tb10.v4.0043 | organism=Trypanosoma_brucei_brucei_TREU927 | gene_product=chrX additional, unordered contigs | transcript_product=chrX additional, unordered contigs | location=TP3F6-6h01.p1k:6385-7491(-) | protein_length=368 | sequence_SO=contig | SO=protein_coding | is_pseudo=false;transcript=Tb11.v5.1012.1 | gene=Tb11.v5.1012 | organism=Trypanosoma_brucei_brucei_TREU927 | gene_product=2-oxoisovalerate dehydrogenase beta subunit, mitochondrial precursor, putative | transcript_product=2-oxoisovalerate dehydrogenase beta subunit, mitochondrial precursor, putative | location=Tb927_11_bin_v5.1:5313959-5315065(-) | protein_length=368 | sequence_SO=contig | SO=protein_coding | is_pseudo=false;transcript=Tb927.10.4330:mRNA | gene=Tb927.10.4330 | organism=Trypanosoma_brucei_brucei_TREU927 | gene_product=2-oxoisovalerate dehydrogenase beta subunit, mitochondrial precursor, putative | transcript_product=2-oxoisovalerate dehydrogenase beta subunit, mitochondrial precursor, putative | location=Tb927_10_v5.1:1125374-1126480(+) | protein_length=368 | sequence_SO=chromosome | SO=protein_coding | is_pseudo=false		1.0986733456488915E-17	9.54123617584795E-21	55.50632	40222.44;40222.44;40222.44	False	False	False	False	False	False	False	False	False	Filtered	Filtered	Filtered	Filtered	Filtered	Filtered	Filtered	Filtered	Filtered	3	3	3	3	3	3	3	3	3	Filtered	Filtered	Filtered	Filtered	Filtered	Filtered	Filtered	Filtered	Filtered	34353.4453125	35416.12109375	34424.98046875	34656.64453125	30918.9765625	30234.025390625	28364.626953125	32257.09765625	30247.439453125	Filtered	Filtered	Filtered	Filtered	Filtered	Filtered	Filtered	Filtered	Filtered
Tb10.v4.0044:mRNA-p1;Tb927.10.4320:mRNA-p1	Tb10.v4.0044:mRNA-p1;Tb927.10.4320:mRNA-p1		transcript=Tb10.v4.0044:mRNA | gene=Tb10.v4.0044 | organism=Trypanosoma_brucei_brucei_TREU927 | gene_product=hypothetical protein, conserved | transcript_product=hypothetical protein, conserved | location=TP3F6-6h01.p1k:8385-10376(-) | protein_length=663 | sequence_SO=contig | SO=protein_coding | is_pseudo=false;transcript=Tb927.10.4320:mRNA | gene=Tb927.10.4320 | organism=Trypanosoma_brucei_brucei_TREU927 | gene_product=hypothetical protein, conserved | transcript_product=hypothetical protein, conserved | location=Tb927_10_v5.1:1122487-1124478(+) | protein_length=663 | sequence_SO=chromosome | SO=protein_coding | is_pseudo=false		1.3812492370489395E-19	1.9888397941669395E-22	56.25393	77597.46;77597.46	False	False	False	False	False	False	False	False	False	False	False	False	False	False	False	False	False	False	3	3	3	3	3	3	3	3	3	1	1	2	1	1	1	1	1	1	40607.578125	39479.45703125	36254.375	33114.203125	40087.296875	38619.45703125	46498.359375	41812.61328125	38371.6953125	8392586	3683986.25	296311.09375	5425920.5	1356256.5	698759.25	3611464	7047359	7799479
Tb10.v4.0045:mRNA-p1;Tb927.10.4310:mRNA-p1	Tb10.v4.0045:mRNA-p1;Tb927.10.4310:mRNA-p1		transcript=Tb10.v4.0045:mRNA | gene=Tb10.v4.0045 | organism=Trypanosoma_brucei_brucei_TREU927 | gene_product=prohibitin, putative | transcript_product=prohibitin, putative | location=TP3F6-6h01.p1k:10823-11710(-) | protein_length=295 | sequence_SO=contig | SO=protein_coding | is_pseudo=false;transcript=Tb927.10.4310:mRNA | gene=Tb927.10.4310 | organism=Trypanosoma_brucei_brucei_TREU927 | gene_product=prohibitin 2, putative | transcript_product=prohibitin 2, putative | location=Tb927_10_v5.1:1121153-1122040(+) | protein_length=295 | sequence_SO=chromosome | SO=protein_coding | is_pseudo=false		1.9870297393126102E-16	1.3851723522569608E-19	54.980865	32215.08;32215.08	False	False	False	False	False	False	False	False	False	Filtered	False	False	Filtered	Filtered	Filtered	Filtered	False	Filtered	3	3	3	3	3	3	3	3	3	Filtered	1	1	Filtered	Filtered	Filtered	Filtered	1	Filtered	438591.34375	444513.875	461954.1875	461794.4375	431941.09375	446518.09375	387092.59375	360745.75	322847.25	Filtered	425772.625	13304.6162109375	Filtered	Filtered	Filtered	Filtered	18265.19921875	Filtered
Tb10.v4.0066:pseudogenic_transcript-p1	Tb10.v4.0066:pseudogenic_transcript-p1		transcript=Tb10.v4.0066:pseudogenic_transcript | gene=Tb10.v4.0066 | organism=Trypanosoma_brucei_brucei_TREU927 | gene_product=expression site-associated gene 3 (ESAG3, pseudogene), putative | transcript_product=expression site-associated gene 3 (ESAG3, pseudogene), putative | location=tryp_X-174f04.q1c:19761-20072(+) | protein_length=103 | sequence_SO=contig | SO=protein_coding | is_pseudo=true		1.094506479702848E-11	5.044971097961964E-15	52.682735	11838.47	True	True	True	True	True	True	True	True	True	Filtered	Filtered	Filtered	Filtered	Filtered	Filtered	Filtered	Filtered	True	1	1	1	1	1	1	1	1	1	Filtered	Filtered	Filtered	Filtered	Filtered	Filtered	Filtered	Filtered	1	136776.8125	170198.703125	169267.875	142643.90625	158839.453125	162694.5	154942.6875	144804.21875	133097.921875	Filtered	Filtered	Filtered	Filtered	Filtered	Filtered	Filtered	Filtered	22557.822265625
Tb10.v4.0087:pseudogenic_transcript-p1	Tb10.v4.0087:pseudogenic_transcript-p1		transcript=Tb10.v4.0087:pseudogenic_transcript | gene=Tb10.v4.0087 | organism=Trypanosoma_brucei_brucei_TREU927 | gene_product=variant surface glycoprotein (VSG, pseudogene), putative | transcript_product=variant surface glycoprotein (VSG, pseudogene), putative | location=tryp_X-206a03.p1c:15357-16709(-) | protein_length=434 | sequence_SO=contig | SO=protein_coding | is_pseudo=true		1.6979024665085771E-07	6.713730591176659E-11	49.828392	NaN	True	True	True	True	True	True	True	True	True	Filtered	Filtered	Filtered	Filtered	Filtered	Filtered	Filtered	Filtered	Filtered	1	1	1	1	1	1	1	1	1	Filtered	Filtered	Filtered	Filtered	Filtered	Filtered	Filtered	Filtered	Filtered	17443.96875	24168.486328125	7701.41162109375	32929.3046875	38854.8046875	1007.0388793945312	27302.72265625	27390.921875	25166.103515625	Filtered	Filtered	Filtered	Filtered	Filtered	Filtered	Filtered	Filtered	Filtered
Tb10.v4.0172:pseudogenic_transcript-p1	Tb10.v4.0172:pseudogenic_transcript-p1		transcript=Tb10.v4.0172:pseudogenic_transcript | gene=Tb10.v4.0172 | organism=Trypanosoma_brucei_brucei_TREU927 | gene_product=variant surface glycoprotein (VSG, pseudogene), putative | transcript_product=variant surface glycoprotein (VSG, pseudogene), putative | location=tryp_X-324h11.p1k:29929-31386(+) | protein_length=485 | sequence_SO=contig | SO=protein_coding | is_pseudo=true		0.07429339354942141	2.582770504064711E-05	21.543577	NaN	True	True	True	True	True	True	True	True	True	Filtered	True	True	Filtered	Filtered	Filtered	Filtered	True	True	1	1	1	1	1	1	1	1	1	Filtered	1	1	Filtered	Filtered	Filtered	Filtered	1	1	9879.4580078125	11845.9599609375	12556.8037109375	15366.802734375	9963.6865234375	13046.517578125	12567.57421875	13657.63671875	85200.40625	Filtered	238137.671875	472594.46875	Filtered	Filtered	Filtered	Filtered	298548.09375	470481.46875
Tb10.v4.0217:mRNA-p1	Tb10.v4.0217:mRNA-p1		transcript=Tb10.v4.0217:mRNA | gene=Tb10.v4.0217 | organism=Trypanosoma_brucei_brucei_TREU927 | gene_product=hypothetical protein | transcript_product=hypothetical protein | location=tryp_X-448g06.q1c:25605-26489(-) | protein_length=294 | sequence_SO=contig | SO=protein_coding | is_pseudo=false		0.001188430698465415	4.2353196666622055E-07	42.190582	31377.53	False	False	False	False	False	False	False	False	False	False	False	False	False	False	False	False	False	False	3	3	3	3	3	2	2	3	3	1	1	1	2	3	2	3	2	3	7240.908203125	7338.0927734375	7501.8818359375	6247.01953125	10555.5556640625	13904.2880859375	10322.0673828125	7137.4931640625	7164.919921875	173000.109375	101761.8359375	70452.3984375	174641.296875	61158.2265625	85020.046875	126872.875	132788.28125	107815.4453125